{"schemaVersion":"1.0","appDefinitionTemplate":{"id":"/providers/Microsoft.PowerApps/apps/","type":"Microsoft.PowerApps/apps","tags":{"primaryDeviceWidth":"1366","primaryDeviceHeight":"768","supportsPortrait":"true","supportsLandscape":"true","primaryFormFactor":"Tablet","showStatusBar":"false","publisherVersion":"3.25101.17","minimumRequiredApiVersion":"2.2.0","hasComponent":"false","hasUnlockedComponent":"false","isUnifiedRootApp":"false","sienaVersion":"20251017T122646Z-3.25101.17.0"},"properties":{"appVersion":"2025-10-17T12:26:46Z","lifeCycleId":"Published","createdByClientVersion":{"major":3,"minor":25101,"build":17,"revision":0,"majorRevision":0,"minorRevision":0},"minClientVersion":{"major":3,"minor":25101,"build":17,"revision":0,"majorRevision":0,"minorRevision":0},"backgroundColor":"RGBA(0,176,240,1)","backgroundImageUri":"/5275561715778328702/Nd23007d6-b505-45c6-8001-2950da8cf2e0-logoSmallFile","displayName":"Showcase - Game of Life","description":"","commitMessage":"","appUris":{"documentUri":{"value":"/5275561715778328702/N8549efb6-5dbc-4bef-bf54-dd16af72abc2-document.msapp"},"imageUris":[],"additionalUris":[{"isSolutionAware":false,"value":"/5275561715778328702/N00701c0c-e822-4829-95c9-8d1db8f219a1-identity.json"}]},"createdTime":"0001-01-01T00:00:00Z","lastModifiedTime":"0001-01-01T00:00:00Z","sharedGroupsCount":0,"sharedUsersCount":0,"connectionReferences":{},"databaseReferences":{},"almMode":"Environment","performanceOptimizationEnabled":true,"canConsumeAppPass":true,"enableModernRuntimeMode":false,"executionRestrictions":{"isTeamsOnly":false,"dataLossPreventionEvaluationResult":{"status":"Compliant","lastEvaluationDate":"2025-10-07T10:22:48.8033654Z","violations":[],"violationsByPolicy":[],"violationErrorMessage":"The app uses the following connectors: ."}}},"isAppComponentLibrary":false,"appType":"ClassicCanvasApp","appComponents":[]}}