{"schemaVersion":"1.0","appDefinitionTemplate":{"id":"/providers/Microsoft.PowerApps/apps/","type":"Microsoft.PowerApps/apps","tags":{"primaryDeviceWidth":"1366","primaryDeviceHeight":"768","supportsPortrait":"true","supportsLandscape":"true","primaryFormFactor":"Tablet","showStatusBar":"false","publisherVersion":"3.25101.17","minimumRequiredApiVersion":"2.2.0","hasComponent":"false","hasUnlockedComponent":"false","isUnifiedRootApp":"false","sienaVersion":"20251017T170653Z-3.25101.17.0"},"properties":{"appVersion":"2025-10-17T17:06:53Z","lifeCycleId":"Published","createdByClientVersion":{"major":3,"minor":25101,"build":17,"revision":0,"majorRevision":0,"minorRevision":0},"minClientVersion":{"major":3,"minor":25101,"build":17,"revision":0,"majorRevision":0,"minorRevision":0},"backgroundColor":"RGBA(0,176,240,1)","backgroundImageUri":"/5275561715778328702/Nf5692fee-84ac-4869-ac12-a57764eaf6dd-logoSmallFile","displayName":"Showcase - Game of Life","description":"","commitMessage":"","appUris":{"documentUri":{"value":"/5275561715778328702/Nbe74259a-8729-4732-9efa-cbaa43e88bce-document.msapp"},"imageUris":[],"additionalUris":[{"isSolutionAware":false,"value":"/5275561715778328702/Ncdc17e13-b050-45b1-ba41-0e7940399f3e-identity.json"}]},"createdTime":"0001-01-01T00:00:00Z","lastModifiedTime":"0001-01-01T00:00:00Z","sharedGroupsCount":0,"sharedUsersCount":0,"connectionReferences":{},"databaseReferences":{},"almMode":"Environment","performanceOptimizationEnabled":true,"canConsumeAppPass":true,"enableModernRuntimeMode":false,"executionRestrictions":{"isTeamsOnly":false,"dataLossPreventionEvaluationResult":{"status":"Compliant","lastEvaluationDate":"2025-10-07T10:22:48.8033654Z","violations":[],"violationsByPolicy":[],"violationErrorMessage":"The app uses the following connectors: ."}}},"isAppComponentLibrary":false,"appType":"ClassicCanvasApp","appComponents":[]}}